<?xml version="1.0" encoding="UTF-8"?>
<ti:module xmlns:ti="http://ti.appcelerator.org" xmlns:android="http://schemas.android.com/apk/res/android">
	<!--
		Similar to tiapp.xml, but contains module/platform specific
		configuration in <iphone>, <android>, and <mobileweb> sections
	-->
	<iphone>
	</iphone>
	<android xmlns:android="http://schemas.android.com/apk/res/android">
		<application>
			<meta-data android:name="com.google.android.gms.version" android:value="@integer/google_play_services_version" />
			<receiver android:name="com.appsflyer.MultipleInstallBroadcastReceiver" android:exported="true">
  				<intent-filter>
     				<action android:name="com.android.vending.INSTALL_REFERRER" />
  				</intent-filter>
			</receiver>
		</application>
		<uses-permission android:name="android.permission.INTERNET" />
		<uses-permission android:name="android.permission.ACCESS_NETWORK_STATE" />
		<uses-permission android:name="android.permission.READ_PHONE_STATE"/>
	</android>
	<mobileweb>
	</mobileweb>
	<modules>
    	<module platform="android">ti.playservices</module>
  	</modules>
</ti:module>
